District,City,Is Title I,Is Charter,Is Magnet,Number Students,Number Fulltime Teachers,Student/Teacher Ratio,Percent Free/Disc Lunch,Percent African American,Percent American Indian,Percent Asian,Percent Hispanic,Percent Pacific Islander,Percent Two or More Races,Percent White,Average Standard Score (2013-14),Average Standard Score (2012-13)
"Cherry Creek, School District No. 5",Denver,0,0,1,533,29.8,17.8,0.049,0.075,0.002,0.229,0.129,0.004,0.077,0.484,98.07055,97.801
"Aurora, Joint District No. 28",Aurora,0,0,0,589,28.2,20.8,0.204,0.092,0.007,0.104,0.177,0.012,0.078,0.531,97.99491,97.1081
Boulder Valley School District No. Re2,Boulder,0,1,0,342,16.7,20.4,0.07,0.006,0.003,0.193,0.058,0,0.096,0.643,97.54109,97.6065
Jefferson County School District No. R-1,Lakewood,0,0,0,451,20.4,22.1,0.086,0.004,0.004,0.038,0.109,0,0.029,0.816,97.00038,95.747
Jefferson County School District No. R-1,Denver,0,0,0,1038,49.2,21,0.075,0.007,0.006,0.065,0.097,0,0.028,0.798,96.74275,96.71571
"Douglas County School District, No. Re 1",Parker,0,1,0,602,36.5,16.4,0.008,0.003,0.008,0.085,0.071,0,0.028,0.804,96.26818,95.3156
Poudre School District R-1,Fort Collins,0,1,0,1036,51.6,20,0.039,0.003,0.003,0.056,0.052,0,0.03,0.856,96.26318,97.0859
"Littleton, School District No. 6",Littleton,0,1,0,465,39,11.8,0.054,0.019,0,0.144,0.067,0,0.034,0.735,95.96855,95.6985
Pueblo County School District 70,Pueblo,0,1,0,269,11.4,23.4,0.048,0.004,0,0.03,0.32,0,0.03,0.617,95.78145,94.6005
Adams 12 Five Star Schools,Thornton,0,1,0,648,35.9,18,0.032,0.008,0.005,0.185,0.091,0.002,0.043,0.667,95.42509,96.441
School District No. 1,Denver,0,0,0,1076,48.8,22,0.141,0.073,0.003,0.042,0.14,0.001,0.064,0.677,95.34309,92.0556
School District No. 1,Denver,0,0,0,597,32.5,18.3,0.082,0.013,0,0.023,0.077,0,0.052,0.834,95.19882,95.4845
Adams 12 Five Star Schools,Northglenn,0,0,0,722,38.5,18.7,0.083,0.015,0.003,0.157,0.111,0.008,0.04,0.666,94.82709,94.1214
Poudre School District R-1,Fort Collins,0,0,0,774,37.7,20.5,0.068,0.012,0.003,0.103,0.045,0,0.034,0.804,94.36764,94.6952
"Cherry Creek, School District No. 5",Greenwood Village,0,1,0,502,32.9,15.2,0,0.062,0.002,0.205,0.072,0,0.048,0.612,93.64473,92.2919
Boulder Valley School District No. Re2,Boulder,0,0,0,550,29.2,18.7,0.047,0.004,0.005,0.056,0.06,0,0.053,0.822,93.53964,95.1105
"Douglas County School District, No. Re 1",Parker,0,1,0,669,39.1,17.1,0,0.016,0.001,0.057,0.135,0.001,0.051,0.738,93.30209,88.0741
Jefferson County School District No. R-1,Evergreen,0,0,0,668,38.2,17.4,0.106,0,0.001,0.015,0.042,0.001,0.019,0.921,93.23345,92.9547
"Douglas County School District, No. Re 1",Castle Rock,0,1,0,1549,88.3,17.5,0.024,0.008,0.001,0.085,0.076,0.001,0.039,0.791,93.01545,95.6
State Charter School Institute,Colorado Springs,0,1,0,241,20.9,11.5,0.266,0.021,0,0.012,0.203,0,0.104,0.66,92.78764,92.9027
St. Vrain Valley School District No. Re1j,Longmont,0,1,0,933,59.6,15.6,0.095,0.009,0.01,0.081,0.058,0.002,0.016,0.824,92.52882,91.1958
Jefferson County School District No. R-1,Littleton,0,0,0,527,27.6,19,0.142,0.004,0.006,0.023,0.108,0.002,0.04,0.818,92.28713,90.51043
"Douglas County School District, No. Re 1",Castle Rock,0,1,0,405,15.9,25.3,0.057,0.01,0.002,0.022,0.099,0,0.049,0.817,91.32514,84.31267
"Douglas County School District, No. Re 1",Highlands Ranch,0,1,0,580,26.9,21.4,0.021,0.003,0.007,0.06,0.093,0,0.052,0.784,91.05982,91.8905
St. Vrain Valley School District No. Re1j,Longmont,0,0,0,756,36.5,20.7,0.234,0.012,0.004,0.093,0.159,0,0.016,0.717,90.91591,89.4962
"Cherry Creek, School District No. 5",Greenwood Village,0,0,0,1410,76.2,18.4,0.127,0.023,0.007,0.148,0.105,0.002,0.04,0.675,90.53527,89.1192
Jefferson County School District No. R-1,Broomfield,0,1,0,704,21.5,32.6,0.109,0.011,0.011,0.023,0.108,0.001,0.047,0.798,90.18013,78.78786
"Cherry Creek, School District No. 5",Greenwood Village,0,0,0,1208,64.8,18.6,0.142,0.019,0.004,0.084,0.148,0.001,0.038,0.706,90.16882,89.3224
Jefferson County School District No. R-1,Golden,0,0,0,159,9.6,16.4,0.176,0,0,0.006,0.088,0,0.031,0.874,90.1675,87.83283
"Littleton, School District No. 6",Littleton,0,0,0,891,42.6,20.9,0.121,0.006,0.008,0.031,0.097,0,0.035,0.824,89.948,88.6325
"Academy, School District No. 20",Colorado Springs,0,0,0,766,44.9,17,0.082,0.025,0.005,0.04,0.107,0.005,0.055,0.762,89.32991,86.1085
"Colorado Springs, School District No. 11",Colorado Springs,0,1,0,285,19,14.9,0.218,0.007,0.007,0.035,0.091,0,0.025,0.835,89.18755,93.92033
Boulder Valley School District No. Re2,Superior,0,0,0,959,51.6,18.5,0.065,0.007,0.003,0.131,0.08,0,0.052,0.726,89.18109,90.4835
Jefferson County School District No. R-1,Littleton,0,1,0,533,21.2,25.1,0.073,0.006,0,0.039,0.084,0.006,0.039,0.826,88.65767,76.17167
"Lewis-Palmer Consolidated, School District No. 38",Monument,0,1,0,895,50.4,17.7,0.068,0.012,0,0.023,0.096,0,0.057,0.811,88.11855,86.6363
Poudre School District R-1,Fort Collins,0,0,0,1058,54.1,19.5,0.136,0.019,0,0.027,0.075,0,0.041,0.838,87.91427,85.1488
Boulder Valley School District No. Re2,Lafayette,0,1,0,1445,64.2,22.4,0.073,0.008,0.002,0.111,0.089,0.003,0.048,0.738,87.89182,89.1397
"Douglas County School District, No. Re 1",Castle Rock,0,1,0,738,30.4,24.2,0.057,0.001,0.003,0.024,0.098,0.003,0.049,0.822,87.73473,89.1325
"Academy, School District No. 20",Colorado Springs,0,1,0,472,19.7,23.8,0.042,0.011,0,0.017,0.068,0.002,0.053,0.85,87.54325,89.96657
Cheyenne Mountain School District No. 12,Colorado Springs,0,0,0,629,38.1,16.4,0.157,0.025,0.006,0.033,0.1,0,0.049,0.785,87.46513,88.92243
Eagle County School District No. Re 50,Eagle,0,0,0,158,10.2,15.4,0.019,0,0.013,0.006,0.076,0,0.038,0.867,87.34813,73.509
"Douglas County School District, No. Re 1",Parker,0,1,0,490,22.5,21.7,0.08,0.012,0.004,0.114,0.073,0,0.047,0.749,86.69364,88.4122
Boulder Valley School District No. Re2,Louisville,0,0,0,631,33.1,19,0.106,0.003,0.003,0.027,0.13,0,0.048,0.789,86.52945,88.0516
Steamboat Springs School District No. Re 2,Steamboat Springs,0,0,0,547,37.1,14.7,0.181,0.004,0,0.013,0.108,0.011,0.013,0.852,86.45164,89.2564
Poudre School District R-1,Fort Collins,0,1,0,773,50.6,15.2,0.163,0.005,0.003,0.045,0.109,0,0.058,0.78,86.10764,85.6468
Telluride School District No. R-1,Telluride,0,0,0,113,9.3,12.1,0.283,0,0.009,0.009,0.15,0,0.027,0.805,85.98875,83.62943
"Douglas County School District, No. Re 1",Littleton,0,0,0,1429,66.4,21.4,0.034,0.006,0.004,0.067,0.08,0,0.044,0.799,85.79091,90.389
Gunnison Watershed School District Re1j,Crested Butte,0,0,0,649,44.7,14.5,0.111,0.003,0.005,0.003,0.045,0.003,0.029,0.912,85.49991,86.4693
"Littleton, School District No. 6",Littleton,0,1,0,624,39.2,15.9,0.21,0.014,0.003,0.026,0.237,0,0.019,0.7,85.20764,81.3192
Weld County Reorganized School District No. Re-4,Windsor,0,1,0,422,26,16.1,0.111,0,0,0.031,0.081,0,0.031,0.858,85.16645,86.4071
St. Vrain Valley School District No. Re1j,Mead,0,0,0,417,24.2,17.2,0.201,0,0,0.031,0.165,0.005,0.012,0.787,85.07455,81.3648
"Academy, School District No. 20",Colorado Springs,0,1,0,487,35.4,13.7,0.055,0.014,0.002,0.018,0.082,0,0.045,0.838,84.8845,89.44314
Boulder Valley School District No. Re2,Louisville,0,0,0,887,46.7,18.9,0.115,0.012,0.002,0.118,0.09,0.001,0.067,0.709,84.72755,86.1693
"Douglas County School District, No. Re 1",Highlands Ranch,0,0,0,1119,54.4,20.5,0.073,0.006,0,0.053,0.111,0.001,0.031,0.798,84.72563,89.14186
"Academy, School District No. 20",Colorado Springs,0,0,0,2509,139.8,17.9,0.073,0.024,0.004,0.031,0.106,0.004,0.057,0.774,84.528,85.1583
Eagle County School District No. Re 50,Eagle,0,0,0,301,18.7,16,0.276,0,0.003,0.01,0.319,0,0.02,0.648,84.37609,78.1322
Boulder Valley School District No. Re2,Boulder,0,0,0,510,25.2,20.2,0.094,0.014,0.01,0.029,0.084,0,0.069,0.794,84.01809,90.2021
"Englewood, School District No. 1",Englewood,0,0,0,66,4.8,13.4,0.439,0.015,0,0.03,0.182,0,0.061,0.712,83.59957,82.7525
"Littleton, School District No. 6",Centennial,0,0,0,628,32,19.5,0.164,0.01,0.005,0.033,0.115,0.003,0.03,0.804,83.33573,74.8341
"Lewis-Palmer Consolidated, School District No. 38",Monument,0,0,0,817,47.6,17.1,0.091,0.004,0.012,0.038,0.095,0.001,0.038,0.812,83.25625,85.514
Eagle County School District No. Re 50,Edwards,0,1,0,346,24.6,14,0.023,0,0.003,0.006,0.038,0,0.009,0.945,82.64536,88.6625
Thompson School District R-2j,Loveland,0,1,0,476,25.9,18.3,0.271,0.002,0.008,0.023,0.139,0,0.032,0.796,82.38391,72.2359
Jefferson County School District No. R-1,Lakewood,0,0,0,1111,57.6,19.2,0.427,0.011,0.007,0.077,0.316,0.003,0.034,0.553,82.33845,78.7471
School District No. 1,Denver,0,0,1,774,36.3,21.2,0.517,0.062,0.032,0.081,0.468,0.004,0.039,0.314,82.022,72.8263
Jefferson County School District No. R-1,Littleton,0,0,0,640,34,18.8,0.177,0.006,0.006,0.008,0.128,0.003,0.038,0.811,81.90927,82.8818
Jefferson County School District No. R-1,Arvada,0,1,0,643,30.6,21,0.198,0.014,0.002,0.045,0.199,0,0.056,0.684,81.80927,71.8246
Jefferson County School District No. R-1,Conifer,0,0,0,574,34,16.8,0.199,0.003,0.012,0.019,0.073,0.002,0.012,0.878,81.53291,84.692
Jefferson County School District No. R-1,Arvada,0,0,0,669,35.4,18.8,0.263,0.006,0.007,0.031,0.152,0,0.027,0.776,81.28938,79.96129
Adams 12 Five Star Schools,Northglenn,0,0,1,460,24,19.1,0.191,0.009,0.004,0.059,0.124,0,0.028,0.776,80.98482,81.4766
"Pueblo, School District No. 60",Pueblo,0,0,1,646,32,20.1,0.418,0.015,0.002,0.017,0.588,0.003,0.019,0.356,80.67291,81.1774
"Cherry Creek, School District No. 5",Aurora,0,0,0,1125,59.7,18.8,0.09,0.075,0.003,0.085,0.116,0.002,0.054,0.666,80.48982,76.5275
La Veta School District Re-2,La Veta,0,0,0,104,10.4,9.9,0.51,0,0.01,0,0.356,0,0.01,0.625,80.34667,55.31733
"Ridgway, School District No. R-2",Ridgway,0,0,0,85,6.5,12.9,0.341,0.012,0,0.012,0.071,0.012,0.082,0.812,79.90327,76.1965
Jefferson County School District No. R-1,Littleton,0,0,0,753,40.4,18.6,0.194,0.007,0.003,0.029,0.185,0,0.032,0.745,79.85763,80.46386
Jefferson County School District No. R-1,Evergreen,0,1,0,446,24.8,17.9,0.027,0.011,0.004,0.022,0.063,0.004,0.031,0.863,79.84582,90.9865
"Cherry Creek, School District No. 5",Aurora,0,0,0,1079,61.8,17.4,0.189,0.088,0.005,0.104,0.171,0,0.05,0.582,79.78627,72.9342
"Douglas County School District, No. Re 1",Highlands Ranch,0,1,0,1035,73.4,14,0.044,0.016,0.004,0.116,0.108,0.001,0.037,0.718,79.43873,82.60267
Thompson School District R-2j,Berthoud,0,0,0,460,24.4,18.8,0.215,0.007,0.007,0.017,0.111,0.004,0.015,0.839,79.13982,72.0649
Aspen School District No. 1,Aspen,0,0,0,481,39.9,12,0.06,0.008,0.006,0.019,0.098,0,0,0.869,78.81155,81.9407
"Academy, School District No. 20",Colorado Springs,0,0,0,958,56.4,16.9,0.188,0.042,0.006,0.032,0.127,0.003,0.065,0.724,78.71382,77.4148
"Falcon, School District No. 49",Colorado Springs,0,1,0,750,46.4,16.1,0.124,0.049,0.005,0.032,0.181,0.003,0.077,0.652,78.49455,75.0591
"Harrison, School District No. 2",Colorado Springs,0,1,0,446,27.5,16.1,0.417,0.092,0.007,0.061,0.399,0.009,0.034,0.399,78.41191,77.4648
St. Vrain Valley School District No. Re1j,Erie,0,0,0,707,34.9,20.2,0.144,0.013,0.004,0.024,0.119,0.003,0.011,0.826,78.11845,81.1479
Adams 12 Five Star Schools,Northglenn,0,1,0,390,26.7,14.5,0.044,0.003,0.003,0.033,0.144,0,0.044,0.774,77.69809,66.1777
"Academy, School District No. 20",Colorado Springs,0,0,0,1062,61.3,17.3,0.168,0.041,0.006,0.025,0.136,0.002,0.053,0.737,77.45491,71.6108
Elbert School District No. 200,Elbert,0,0,0,103,9.8,10.4,0.252,0,0,0.049,0,0,0.01,0.942,77.32475,46.858
Salida School District No. R-32,Salida,1,0,0,329,24.3,13.4,0.471,0.003,0,0.006,0.161,0,0.027,0.802,76.35036,73.6359
"Douglas County School District, No. Re 1",Parker,0,0,0,1432,67.8,21.1,0.105,0.01,0.004,0.026,0.105,0.001,0.042,0.813,76.274,76.6693
School District No. 1,Denver,0,1,0,233,16.6,13.9,0.348,0.129,0.004,0.021,0.159,0,0.12,0.567,76.23027,75.1272
"Douglas County School District, No. Re 1",Highlands Ranch,0,0,0,1007,53.4,18.8,0.076,0.005,0.004,0.035,0.111,0,0.043,0.802,76.12313,78.84014
Jefferson County School District No. R-1,Lakewood,0,0,0,597,35.6,16.7,0.288,0.02,0.008,0.025,0.156,0.003,0.034,0.754,76.04288,72.51243
Jefferson County School District No. R-1,Littleton,0,0,0,658,39,16.8,0.222,0.015,0.006,0.043,0.15,0.005,0.032,0.749,75.9125,75.25057
Weld County Reorganized School District No. Re-4,Windsor,0,0,0,444,28.8,15.3,0.155,0.002,0.007,0.011,0.135,0,0.032,0.813,75.57118,74.6684
Poudre School District R-1,Fort Collins,0,0,0,733,39,18.7,0.402,0.011,0.003,0.034,0.28,0,0.044,0.629,75.13564,73.3278
"Academy, School District No. 20",Colorado Springs,0,0,0,1131,61.8,18.3,0.213,0.035,0.003,0.065,0.157,0.003,0.053,0.684,75.13455,78.7573
Poudre School District R-1,Fort Collins,0,0,0,284,17.3,16.3,0.32,0.004,0.007,0.014,0.063,0,0.042,0.87,74.96164,64.5632
"Colorado Springs, School District No. 11",Colorado Springs,0,0,0,957,53.1,18,0.304,0.061,0.004,0.039,0.172,0.003,0.086,0.635,74.88891,78.4892
Jefferson County School District No. R-1,Arvada,0,1,0,517,25.6,20.1,0.182,0.004,0,0.027,0.133,0.002,0.046,0.787,74.79255,73.1417
School District No. 1,Denver,0,1,0,507,33.6,15,0.369,0.28,0.004,0.039,0.152,0,0.028,0.497,74.70591,77.253
Denver 1,Denver,0,0,0,387,30.3,12.7,0,0.018,0.003,0.034,0.109,0,0.067,0.77,74.33,69.1934
Jefferson County School District No. R-1,Westminster,0,0,0,399,25,15.9,0.401,0.005,0.008,0.093,0.216,0.003,0.053,0.624,74.27,65.71114
"Cherry Creek, School District No. 5",Aurora,0,0,0,1036,55.7,18.5,0.232,0.09,0.007,0.069,0.164,0.004,0.053,0.614,74.161,71.6866
"Douglas County School District, No. Re 1",Parker,0,0,0,987,52,18.9,0.069,0.006,0.006,0.023,0.111,0.004,0.039,0.811,74.02791,75.2994
"Littleton, School District No. 6",Littleton,0,0,0,734,38.2,19.1,0.294,0.005,0.003,0.037,0.185,0.001,0.027,0.741,73.92127,74.8718
Mesa County Valley School District No. 51,Grand Junction,0,0,0,583,35.7,16.3,0.211,0.005,0.007,0.007,0.144,0,0.033,0.804,73.57082,71.6846
Boulder Valley School District No. Re2,Boulder,0,1,0,348,21.1,16.4,0.052,0.006,0.003,0.052,0.04,0,0.029,0.871,73.48836,53.5604
Adams 12 Five Star Schools,Broomfield,0,0,0,1067,56,19,0.266,0.014,0.004,0.076,0.196,0,0.02,0.691,73.328,67.5
Jefferson County School District No. R-1,Arvada,0,0,0,572,29.2,19.5,0.229,0.005,0.005,0.019,0.14,0,0.031,0.799,73.096,78.18686
School District No. 1,Denver,0,0,0,821,42.6,19.2,0.161,0.112,0.004,0.026,0.107,0.001,0.043,0.708,72.856,65.8865
Boulder Valley School District No. Re2,Broomfield,0,0,0,968,49.3,19.6,0.144,0.011,0,0.056,0.123,0.002,0.038,0.77,72.55591,62.4226
State Charter School Institute,Colorado Springs,0,1,0,528,26.6,19.8,0.263,0.036,0,0.019,0.223,0.006,0.044,0.672,72.46227,84.0105
St. Vrain Valley School District No. Re1j,Longmont,0,0,0,727,36.4,19.9,0.303,0.004,0.004,0.03,0.19,0.001,0.017,0.754,72.34473,75.4307
St. Vrain Valley School District No. Re1j,Lyons,0,0,0,405,23.4,17.2,0.746,0.005,0.005,0.032,0.096,0.002,0.022,0.837,72.31118,74.2684
School District No. Re-1 Valley,Iliff,0,0,0,139,11.4,12.1,0.46,0.007,0.007,0,0.151,0,0.007,0.827,72.20813,64.24486
"Greeley,school District No. 6",Greeley,0,0,0,625,36.6,17,0.51,0.002,0.005,0.003,0.488,0,0.018,0.485,72.18464,71.9513
School District No. 1,Denver,0,0,0,594,27.2,21.7,0.451,0.192,0.003,0.025,0.247,0.002,0.082,0.448,72.17691,65.277
Park County School District No. Re-2,Fairplay,1,0,0,89,6.4,13.7,0.427,0,0,0,0.169,0,0.011,0.82,71.998,75.0296
Adams 12 Five Star Schools,Thornton,0,0,0,1160,57.3,20.2,0.146,0.016,0.006,0.059,0.182,0.001,0.019,0.718,71.92791,72.5566
"Littleton, School District No. 6",Littleton,0,0,0,731,43.2,16.8,0.384,0.019,0.005,0.027,0.294,0.003,0.036,0.616,71.84645,63.8401
"Colorado Springs, School District No. 11",Colorado Springs,0,0,0,699,36.5,19.1,0.439,0.026,0.004,0.014,0.225,0,0.057,0.674,71.68909,75.6318
"Douglas County School District, No. Re 1",Highlands Ranch,0,0,0,915,49.4,18.5,0.121,0.024,0.012,0.056,0.153,0.003,0.047,0.705,71.64588,75.67214
Boulder Valley School District No. Re2,Boulder,0,0,0,581,33.1,17.5,0.262,0.005,0.005,0.043,0.238,0.002,0.052,0.656,70.83291,72.3637
Jefferson County School District No. R-1,Westminster,0,1,0,745,28,26.6,0.016,0.004,0.005,0.016,0.114,0,0.04,0.82,70.77691,75.642
Jefferson County School District No. R-1,Westminster,0,0,0,421,22.8,18.4,0.28,0.012,0.007,0.017,0.169,0.002,0.031,0.762,70.67013,74.66871
Delta County Joint District No. 50,Paonia,0,0,0,219,14.2,15.3,0.356,0.005,0.005,0.009,0.123,0,0.014,0.845,70.14825,72.95543
Fremont Re-1,Canon City,0,1,0,240,14,17.1,0.279,0,0,0.021,0.117,0.013,0.025,0.825,69.83091,77.5159
Poudre School District R-1,Fort Collins,0,0,0,800,41.9,19,0.291,0.014,0.004,0.026,0.135,0.003,0.044,0.775,69.69145,72.5826
Weld County School District No. Re-2,Eaton,0,0,0,438,25.8,16.9,0.345,0.016,0.007,0.007,0.237,0,0.009,0.724,69.32609,72.8254
"Falcon, School District No. 49",Falcon,0,1,0,384,22.4,17.1,0.161,0.034,0.008,0.008,0.07,0.005,0.044,0.831,68.89136,67.7608
Jefferson County School District No. R-1,Golden,0,0,0,621,38.2,16.2,0.329,0.011,0.006,0.029,0.147,0.002,0.024,0.781,68.81627,57.38471
St. Vrain Valley School District No. Re1j,Longmont,0,1,0,1044,35.8,29.1,0.367,0.01,0.008,0.097,0.276,0.003,0.038,0.569,68.76027,65.9356
Weld County Reorganized School District No. Re-4,Windsor,0,0,0,608,37.5,16.1,0.217,0,0.007,0.015,0.15,0,0.021,0.808,68.62918,70.6432
"Pueblo, School District No. 60",Pueblo,0,0,0,711,38,18.6,0.606,0.024,0.003,0.014,0.549,0.001,0.015,0.394,68.52218,73.2979
"Douglas County School District, No. Re 1",Parker,0,0,0,1053,54,19.4,0.171,0.02,0.008,0.026,0.14,0.001,0.044,0.763,68.2335,63.77057
"Falcon, School District No. 49",Colorado Springs,0,1,0,746,53,14,0.157,0.035,0.004,0.017,0.194,0.004,0.121,0.625,68.01718,60.0975
"Platte Canyon, School District No. 1",Bailey,0,0,0,238,17,14,0.366,0.013,0.004,0.017,0.126,0,0.034,0.807,67.86264,75.999
Adams 12 Five Star Schools,Westminster,0,1,0,1866,87.2,21.3,0.183,0.014,0.006,0.068,0.251,0.001,0.025,0.635,67.68533,60.6451
"Greeley,school District No. 6",Greeley,0,1,0,1509,75,20.1,0.221,0.011,0.003,0.011,0.156,0,0.013,0.806,67.15273,70.5753
School District 27j,Brighton,0,1,0,743,28.4,26.1,0.129,0.011,0.001,0.005,0.21,0.001,0.02,0.751,66.95282,66.91717
School District No. 1,Denver,0,0,0,875,44.7,19.5,0.55,0.182,0.013,0.043,0.333,0.007,0.043,0.379,66.59145,59.1402
Poudre School District R-1,Laporte,0,0,0,304,19,16,0.329,0.01,0.01,0,0.135,0.003,0.026,0.816,66.56727,66.5206
"Douglas County School District, No. Re 1",Castle Rock,0,0,0,886,48.8,18.1,0.139,0.009,0.009,0.01,0.132,0.001,0.035,0.804,66.5475,69.12629
"Limon School District, No. Re 4j",Limon,0,0,0,233,15.4,15,0.433,0.03,0.009,0,0.107,0,0.026,0.828,66.49309,67.4187
State Charter School Institute,Carbondale,0,1,0,233,13.3,17.4,0.232,0,0.004,0.009,0.21,0.009,0.013,0.755,66.2348,63.689
Boulder Valley School District No. Re2,Boulder,0,0,0,547,32.3,16.9,0.294,0.007,0.007,0.06,0.236,0,0.029,0.66,66.09682,65.3825
"Cherry Creek, School District No. 5",Aurora,0,0,0,1297,70.9,18.2,0.21,0.105,0.005,0.059,0.155,0.001,0.077,0.598,65.90027,69.7423
"Cherry Creek, School District No. 5",Aurora,0,0,0,889,48.3,18.4,0.222,0.123,0.006,0.083,0.173,0.001,0.06,0.555,65.82164,69.0472
"Swink, School District No. 33",Swink,0,0,0,155,13.4,11.5,0.348,0.019,0.006,0.058,0.006,0,0.013,0.897,65.61675,56.21086
Poudre School District R-1,Wellington,0,0,0,423,25.5,16.5,0.39,0.012,0.017,0.009,0.151,0.002,0.009,0.799,64.55291,63.9105
Summit School District No. Re 1,Frisco,0,0,0,703,45.3,15.5,0.398,0.004,0,0.007,0.317,0.001,0.03,0.64,64.30055,63.2506
East Grand School District No. 2,Granby,0,0,0,276,20.8,13.2,0.344,0.004,0.007,0,0.094,0.011,0.004,0.88,63.25545,74.1104
School District No. Re-5 Plateau,Peetz,0,0,0,102,8.6,11.8,0.294,0,0.02,0,0.02,0,0.029,0.931,63.24838,51.43243
Poudre School District R-1,Fort Collins,0,0,0,545,33.5,16.2,0.45,0.02,0.004,0.029,0.185,0.004,0.04,0.717,63.03873,63.1635
"Falcon, School District No. 49",Colorado Springs,0,1,0,831,41.4,20,0.118,0.053,0.006,0.017,0.183,0.006,0.073,0.662,62.45882,71.6291
Meeker School District Re1,Meeker,0,0,0,153,8,19,0.34,0,0.007,0,0.15,0,0.007,0.837,61.91055,67.2129
Big Sandy School District No. 100j,Simla,1,0,0,76,7.3,10.4,0.513,0.013,0.013,0,0.039,0.013,0.039,0.882,61.78682,59.3162
School District 27j,Brighton,0,1,0,932,51,18.2,0.244,0.002,0.002,0.014,0.278,0.002,0.024,0.678,61.46855,54.4157
Mesa County Valley School District No. 51,Fruita,0,0,0,577,36.6,15.7,0.315,0.007,0.002,0.01,0.159,0.007,0.029,0.785,61.45343,62.55033
St. Vrain Valley School District No. Re1j,Firestone,0,1,0,627,39.9,15.7,0.163,0.013,0.003,0.022,0.136,0.002,0.011,0.813,61.22055,58.94
Pueblo County School District 70,Pueblo West,0,0,0,575,29.3,19.6,0.311,0.005,0.007,0.003,0.287,0,0.033,0.664,60.78736,60.3695
Garfield School District No. Re-2,New Castle,0,0,0,682,38.5,17.7,0.463,0.001,0.001,0.004,0.387,0.001,0.015,0.589,60.71364,56.1307
Durango School District No. 9-R,Durango,0,0,0,412,29.5,13.9,0.277,0,0.034,0.002,0.165,0,0.019,0.779,60.60818,73.667
Bayfield School District No. 10jt-R,Bayfield,0,0,0,306,19.5,15.6,0.324,0,0.02,0,0.141,0.003,0.013,0.824,60.24418,60.5674
Wiley School District No. Re-13 Jt,Wiley,0,0,0,117,10.6,11,0.41,0.009,0,0,0.188,0,0.051,0.752,60.148,46.564
Jefferson County School District No. R-1,Wheat Ridge,0,1,0,498,21.6,23,0.155,0.008,0.004,0.016,0.122,0,0.036,0.813,59.89691,65.4055
Weld County Reorganized School District No. Re-3,Keenesburg,0,1,0,162,11.9,13.5,0.093,0,0.006,0.012,0.062,0,0.043,0.877,59.23643,59.83233
Jefferson County School District No. R-1,Lakewood,0,0,0,591,32,18.4,0.486,0.014,0.012,0.024,0.315,0.003,0.029,0.604,59.23088,57.115
Boulder Valley School District No. Re2,Broomfield,0,0,0,554,31.9,17.3,0.276,0.009,0.007,0.042,0.227,0,0.031,0.684,59.22245,58.5102
Roaring Fork School District No. Re-1,Basalt,0,0,0,482,30.5,15.7,0.425,0,0,0.012,0.537,0,0.008,0.442,59.02236,50.7333
St. Vrain Valley School District No. Re1j,Longmont,0,0,0,608,33.6,18,0.523,0.013,0.003,0.021,0.424,0.008,0.021,0.508,58.80236,55.0621
Akron School District No. R-1,Akron,1,0,0,241,20.4,11.7,0.51,0.004,0,0.017,0.178,0,0.029,0.772,58.78445,53.2869
Clear Creek School District No. Re-1,Evergreen,0,0,0,128,8.3,15.3,0.383,0,0.016,0.008,0.063,0,0.039,0.875,58.7735,80.59671
Pueblo County School District 70,Pueblo West,0,1,0,332,17.7,18.7,0.256,0.006,0.006,0.024,0.241,0,0.015,0.708,58.04864,49.6745
School District No. C-1,Elizabeth,0,0,0,529,28.8,18.3,0.229,0.006,0.004,0.002,0.098,0.002,0.017,0.871,57.93118,58.1044
"Douglas County School District, No. Re 1",Castle Rock,0,0,0,993,56.6,17.5,0.209,0.012,0.006,0.015,0.131,0.001,0.039,0.796,57.88688,69.92914
Jefferson County School District No. R-1,Golden,0,1,0,377,16.4,22.9,0.21,0.011,0.003,0.008,0.106,0,0.045,0.828,57.76367,48.24029
Adams 12 Five Star Schools,Thornton,0,0,0,1053,52.2,20.1,0.327,0.024,0.009,0.051,0.243,0.001,0.015,0.657,57.70836,61.9719
Mesa County Valley School District No. 51,Grand Junction,0,0,0,475,28.6,16.5,0.451,0.006,0.006,0.006,0.204,0,0.053,0.724,57.66391,53.6984
"Greeley,school District No. 6",Evans,0,0,1,711,40,17.7,0.63,0.003,0.001,0.006,0.518,0,0.024,0.449,57.60655,62.9617
"Aurora, Joint District No. 28",Aurora,0,0,0,688,33.4,20.5,0.365,0.174,0.001,0.041,0.321,0.006,0.078,0.378,57.59555,45.1342
"Aurora, Joint District No. 28",Aurora,0,0,0,675,30.7,21.9,0.305,0.16,0.003,0.126,0.227,0,0.081,0.403,57.45664,64.0173
Jefferson County School District No. R-1,Littleton,0,1,0,388,26.8,14.4,0.235,0.021,0.003,0.023,0.134,0.008,0.08,0.732,57.40864,52.3804
Woodland Park School District No. Re-2,Woodland Park,0,0,0,563,32.6,17.2,0.378,0.005,0.004,0.011,0.075,0.005,0.03,0.87,56.88936,64.0697
State Charter School Institute,Colorado Springs,0,1,0,190,7.4,25.3,0.274,0.016,0.005,0.021,0.095,0,0.005,0.858,56.87357,75.00367
Mesa County Valley School District No. 51,Grand Junction,0,1,0,327,19.5,16.7,0.171,0,0.009,0.009,0.15,0,0.034,0.798,56.726,31.78817
Eagle County School District No. Re 50,Gypsum,0,0,0,366,22.4,16.3,0.478,0,0.011,0.008,0.637,0,0.008,0.336,56.67909,66.8029
"Manitou Springs, School District No. 14",Manitou Springs,0,0,0,380,24.2,15.6,0.284,0.016,0.003,0.008,0.089,0.003,0.037,0.845,56.60882,63.5645
Pueblo County School District 70,Pueblo,0,0,0,363,23.4,15.4,0.57,0,0.008,0,0.482,0,0.019,0.49,56.45718,55.8209
Branson Reorganized School District No. 82,Branson,0,0,0,439,23.3,18.8,0.125,0.055,0.014,0.007,0.276,0.002,0.059,0.588,56.39809,59.1861
Poudre School District R-1,Fort Collins,0,0,0,614,39.8,15.4,0.388,0.026,0.016,0.02,0.208,0,0.037,0.692,56.37973,52.866
"Westminster, School District No. 50",Westminster,0,1,0,463,26,17.7,0.464,0.006,0.002,0.043,0.51,0.004,0.026,0.408,56.10109,63.1194
"Falcon, School District No. 49",Peyton,0,0,0,902,47.2,19,0.184,0.039,0.003,0.019,0.164,0.002,0.057,0.716,56.01118,65.6467
Mesa County Valley School District No. 51,Fruita,0,0,0,681,41,16.5,0.253,0.003,0,0.001,0.132,0.001,0.037,0.825,55.676,58.60575
"Fountain, School District No. 8",Fountain,0,0,0,918,56.9,16.1,0.477,0.09,0.008,0.008,0.275,0.013,0.109,0.498,55.66918,53.9494
Delta County Joint District No. 50,Cedaredge,0,0,0,210,13.3,15.6,0.476,0,0.01,0.005,0.095,0,0.029,0.862,55.29745,55.6254
Durango School District No. 9-R,Durango,0,0,0,499,30.4,16.3,0.363,0.012,0.082,0.016,0.18,0,0.024,0.685,54.46473,61.8045
School District No. 1,Denver,0,0,0,811,42.7,18.9,0.597,0.014,0.005,0.076,0.491,0.002,0.032,0.38,54.45036,52.3253
School District No. 1,Denver,0,1,0,201,16.7,12,0.512,0.104,0,0.025,0.388,0,0.07,0.413,54.11318,67.1936
"Harrison, School District No. 2",Colorado Springs,1,0,1,726,37.8,19.1,0.675,0.096,0.011,0.021,0.482,0.007,0.033,0.35,53.67418,60.2194
Thompson School District R-2j,Loveland,0,0,0,888,48.9,18.1,0.327,0.01,0.007,0.014,0.177,0,0.019,0.774,53.62127,58.5973
Buena Vista School District No. R-31,Buena Vista,0,0,0,202,17.5,11.5,0.381,0.01,0.005,0.015,0.114,0,0.015,0.842,53.61282,48.8617
School District 27j,Commerce City,0,1,0,757,31.2,24.2,0.125,0.025,0.003,0.008,0.21,0,0.049,0.705,53.58873,61.8175
Custer County School District Consolidate 1,Westcliffe,0,0,0,102,7.8,12.9,0.539,0.01,0,0.01,0.02,0,0.02,0.941,53.443,66.1912
"Falcon, School District No. 49",Colorado Springs,0,0,0,1022,56.5,18,0.309,0.103,0.008,0.053,0.214,0.001,0.053,0.568,52.944,53.4041
Eagle County School District No. Re 50,Avon,1,0,0,552,39,14.1,0.46,0.018,0.009,0.024,0.476,0.002,0.011,0.46,52.72409,64.7492
Primero Reorganized School District No. 2,Weston,0,0,0,104,12.4,8.3,0.394,0,0.01,0,0,0,0,0.99,52.71363,34.594
Jefferson County School District No. R-1,Lakewood,0,0,0,685,42.2,16.2,0.555,0.022,0.012,0.032,0.397,0.003,0.035,0.499,52.61263,44.36957
Jefferson County School District No. R-1,Arvada,0,0,0,501,29.8,16.8,0.481,0.014,0.004,0.016,0.301,0.002,0.036,0.627,52.40863,52.09229
Sargent School District No. Re-33j,Monte Vista,0,0,0,83,4.8,17,0.301,0,0.012,0,0.289,0,0.012,0.687,52.36888,55.52814
Gilpin County School District No. Re-1,Golden,0,0,0,168,15.5,10.8,0.262,0.006,0,0.018,0.131,0.012,0.06,0.774,52.31,47.8473
"Sanford, School District No. 6",Sanford,0,0,0,173,12,14.4,0.48,0,0,0,0.329,0,0.012,0.659,52.21788,56.78486
State Charter School Institute,Grand Junction,0,1,0,755,48.3,15.6,0.248,0.004,0.003,0.016,0.131,0,0.023,0.824,52.03609,53.2373
Boulder Valley School District No. Re2,Boulder,0,0,0,608,37,16.4,0.405,0.01,0.002,0.035,0.388,0,0.049,0.516,51.96655,59.1923
"Pueblo, School District No. 60",Pueblo,0,1,0,445,30.8,14.4,0.6,0.009,0.007,0,0.661,0,0.011,0.312,51.95236,52.6371
Gunnison Watershed School District Re1j,Gunnison,0,0,0,297,17.5,16.9,0.316,0.003,0.007,0,0.209,0,0.017,0.764,51.75318,55.3027
Mesa County Valley School District No. 51,Grand Junction,0,0,0,400,26.5,15,0.313,0.005,0.01,0.013,0.173,0.003,0.048,0.75,51.49118,50.5864
Hoehne Reorganized School District No. 3,Trinidad,0,0,0,59,3.3,17.4,0.39,0.017,0,0,0.424,0,0,0.559,51.43825,70.07643
School District No. Re-1 Valley,Sterling,0,0,0,416,30.2,13.7,0.57,0.005,0.017,0.007,0.274,0,0.029,0.668,51.07836,47.6828
"Cherry Creek, School District No. 5",Aurora,0,0,0,1124,60.7,18.4,0.38,0.169,0.004,0.062,0.214,0.003,0.058,0.49,50.59627,49.9164
School District No. Re-4 Buffalo,Merino,0,0,0,153,12.8,11.9,0.268,0.026,0,0.013,0.078,0,0.02,0.863,50.56213,56.23586
Delta County Joint District No. 50,Hotchkiss,1,0,0,384,20.7,18.4,0.51,0.008,0.008,0.005,0.146,0,0.023,0.81,50.53073,48.7599
Hayden School District No. Re 1,Hayden,0,0,0,87,7.5,11.6,0.414,0,0,0.011,0.138,0.011,0,0.839,50.25555,54.3594
Fowler School District No. R4j,Fowler,0,0,0,77,4.8,15.8,0.429,0,0.013,0,0.208,0,0,0.779,50.139,46.54114
North Conejos School District No. Re1j,La Jara,1,0,0,240,16.1,14.8,0.671,0.013,0.008,0,0.596,0.004,0.004,0.375,49.77,49.6284
Julesburg School District No. Re1,Julesburg,0,0,0,98,7.2,13.5,0.5,0,0,0,0.235,0,0.031,0.735,49.47163,91.15375
Montrose County School District Re-1j,Montrose,0,0,0,510,30,17,0.455,0.008,0.004,0.012,0.278,0.002,0.037,0.659,49.13491,53.379
Pueblo County School District 70,Colorado City,0,0,0,171,10.5,16.2,0.468,0.012,0,0.018,0.135,0,0.023,0.813,49.12973,44.3845
"Colorado Springs, School District No. 11",Colorado Springs,0,0,0,727,38.4,18.9,0.579,0.067,0.012,0.017,0.257,0.004,0.105,0.538,49.00655,44.6935
Weld County School District No. Re-5j,Milliken,0,1,0,361,18.3,19.6,0.388,0,0.008,0.03,0.188,0,0.055,0.717,48.69745,56.088
St. Vrain Valley School District No. Re1j,Firestone,0,0,0,771,41.7,18.4,0.337,0.009,0.005,0.013,0.224,0.001,0.008,0.739,48.61945,40.2907
School District No. Re-50 Wiggins,Wiggins,1,0,0,99,7.1,13.8,0.576,0,0.04,0,0.263,0,0.01,0.687,48.51118,56.3877
Jefferson County School District No. R-1,Arvada,0,0,0,441,27.6,15.9,0.58,0.032,0.007,0.039,0.345,0.002,0.029,0.546,48.42688,48.76629
North Park School District R-1,Walden,0,0,0,101,11.5,8.7,0.495,0,0.01,0,0.168,0,0.02,0.802,47.998,57.949
"Haxtun School District, No. Re-2j",Haxtun,1,0,0,229,16.6,13.7,0.336,0,0,0,0.096,0,0,0.904,47.59382,56.615
State Charter School Institute,Avon,0,1,0,291,20.8,13.9,0.141,0,0,0.017,0.244,0.007,0.014,0.718,47.00218,45.16783
"Greeley,school District No. 6",Greeley,0,1,0,1765,88.7,19.8,0.313,0.01,0.006,0.018,0.32,0.004,0.012,0.631,46.83518,50.5742
Del Norte Consolidated School District No. C-7,Del Norte,0,0,0,146,10.6,13.6,0.726,0,0,0,0.527,0,0.007,0.466,46.79509,38.7098
"Fountain, School District No. 8",Fort Carson,0,0,0,748,46,16.2,0.499,0.178,0.007,0.023,0.235,0.027,0.064,0.467,46.71145,46.5021
"Harrison, School District No. 2",Colorado Springs,0,0,0,532,34.5,15.4,0.727,0.148,0.021,0.024,0.451,0.006,0.068,0.282,46.67855,47.1773
Pueblo County School District 70,Beulah,0,0,0,56,3.9,14.2,0.464,0,0,0,0.196,0,0.054,0.75,46.54486,66.51243
State Charter School Institute,Westminster,1,1,0,354,20.6,17.1,0.907,0.003,0,0,0.949,0,0.003,0.045,46.09409,40.166
Delta County Joint District No. 50,Delta,0,0,0,479,29,16.5,0.574,0.002,0.015,0.025,0.261,0,0.019,0.678,46.01491,53.8302
School District No. 1,Denver,1,1,0,376,25.2,14.8,0.989,0.008,0.005,0.013,0.971,0,0,0.003,45.58355,41.4432
"Falcon, School District No. 49",Falcon,0,0,0,966,14.5,66.2,0.066,0.03,0.002,0.007,0.091,0.003,0.051,0.816,45.55591,50.9345
Mesa County Valley School District No. 51,Grand Junction,0,0,0,505,33.8,14.9,0.517,0.004,0.004,0.004,0.24,0.002,0.053,0.693,44.83164,45.941
School District No. 3,Fountain,0,0,0,776,40,19.3,0.387,0.138,0.015,0.018,0.245,0.008,0.089,0.487,44.68473,39.3712
School District No. C-2,Kiowa,0,0,0,71,6,11.6,0.408,0,0,0,0.099,0,0.028,0.873,44.549,63.9552
School District No. 1,Denver,0,0,0,786,52.8,14.8,0.581,0.234,0.005,0.024,0.327,0,0.061,0.349,44.23327,43.2015
Boulder Valley School District No. Re2,Nederland,0,0,0,308,20.3,15.1,0.231,0,0.006,0.023,0.081,0,0.055,0.834,44.19455,57.2625
Montrose County School District Re-1j,Montrose,0,0,0,594,33,18,0.62,0.007,0,0.005,0.449,0,0.025,0.513,44.17082,43.6091
South Routt School District No. Re 3,Oak Creek,0,0,0,93,8.4,11,0.376,0,0.011,0.011,0.097,0.011,0,0.871,43.98691,39.3562
"Cheraw, School District No. 31",Cheraw,0,0,0,52,3.8,13.3,0.635,0,0,0.019,0.288,0,0.019,0.673,43.73,31.9945
"Mapleton, School District No. 1",Englewood,0,0,0,2161,55.3,39,0.394,0.035,0.008,0.012,0.22,0.001,0.063,0.661,43.724,36.4826
Thompson School District R-2j,Loveland,0,0,0,477,27.9,17,0.352,0.008,0.002,0.008,0.189,0.004,0.027,0.761,43.53836,53.1005
Boulder Valley School District No. Re2,Lafayette,0,0,0,612,36.3,16.8,0.408,0.008,0.005,0.033,0.422,0,0.033,0.5,43.53836,46.5476
Mancos School District Re-6,Mancos,0,0,0,87,7.5,11.4,0.552,0,0.011,0,0.138,0,0.023,0.828,43.29645,41.5848
Mesa County Valley School District No. 51,Grand Junction,0,0,0,569,40,14.2,0.598,0.002,0.009,0.009,0.441,0,0.032,0.508,43.18973,39.3668
"Falcon, School District No. 49",Colorado Springs,1,0,0,610,39.5,15.4,0.454,0.118,0.008,0.034,0.249,0.005,0.077,0.508,43.16736,46.5628
"Greeley,school District No. 6",Greeley,0,1,0,493,27.4,17.9,0.061,0.014,0.014,0.026,0.343,0.004,0.008,0.59,43.154,57.8613
Weld County School District No. Re-5j,Milliken,0,0,0,697,34.8,19.9,0.346,0.003,0,0.001,0.327,0,0.007,0.661,43.06418,49.3795
"Mapleton, School District No. 1",Denver,1,0,0,483,23,21,0.797,0.008,0.017,0.004,0.762,0.002,0.041,0.166,42.69473,35.9047
School District 27j,Henderson,0,1,0,691,35,19.7,0.427,0.02,0.003,0.016,0.457,0.003,0.032,0.469,42.31145,40.3179
Bennett School District No. 29j,Bennett,0,0,0,265,13.8,19,0.377,0.011,0.011,0,0.226,0,0.026,0.725,42.16673,39.1458
Calhan District No. Rj1,Calhan,0,0,0,127,7.1,17.7,0.465,0.016,0,0,0.094,0,0.008,0.882,42.04127,49.7055
Estes Park School District R-3,Estes Park,0,0,0,231,20.6,11.1,0.39,0.004,0.009,0.013,0.242,0.004,0.013,0.714,42.01273,51.9143
School District No. C-1,Elizabeth,0,1,0,404,19.2,20.9,0.104,0.005,0.007,0,0.059,0,0.027,0.901,42.00273,41.9219
Delta County Joint District No. 50,Delta,0,1,0,506,19.8,25.4,0.294,0.018,0.008,0.012,0.045,0,0.032,0.885,41.98727,47.3908
St. Vrain Valley School District No. Re1j,Longmont,0,0,0,657,34.6,18.9,0.528,0.008,0.008,0.026,0.455,0.003,0.008,0.493,41.91664,49.6433
Holyoke School District No. Re-1j,Holyoke,0,0,0,260,19,13.6,0.404,0,0,0,0.438,0,0.012,0.55,41.69675,31.27686
School District No. 1,Denver,1,1,0,800,44.1,18.1,0.611,0.373,0.006,0.081,0.36,0.004,0.046,0.13,40.63109,36.677
"Alamosa School District, No. Re-11j",Alamosa,0,0,0,481,29.9,16,0.726,0.008,0.002,0.01,0.634,0,0.008,0.337,40.581,36.2736
School District No. 3,Colorado Springs,0,0,0,582,34.1,17,0.45,0.096,0.007,0.002,0.289,0.015,0.091,0.5,40.34645,44.6954
"Sangre De Cristo School District, No. Re-22j",Mosca,1,0,0,163,14.8,10.9,0.546,0,0.006,0,0.307,0.006,0.012,0.669,40.19027,30.722
McClave School District No. Re-2,Mc Clave,0,0,0,133,10.2,12.9,0.579,0,0,0,0,0,0.015,0.985,40.15475,51.71814
School District No. 3,Colorado Springs,0,0,0,659,40.3,16.3,0.44,0.099,0.006,0.02,0.258,0.006,0.082,0.53,39.42191,37.3633
Mesa County Valley School District No. 51,Grand Junction,0,0,0,423,1.7,241.7,0.189,0,0.005,0.002,0.045,0,0.026,0.922,39.26827,56.324
Rangely School District Re4,Rangely,0,0,0,221,17.5,12.5,0.321,0.005,0.005,0.005,0.086,0.005,0.018,0.878,38.99955,46.5974
Thompson School District R-2j,Loveland,0,0,0,695,41.3,16.8,0.525,0.023,0.004,0.013,0.25,0,0.027,0.682,38.85236,42.0558
Archuleta County School District No. 50 Jt,Pagosa Springs,1,0,0,423,25.4,16.6,0.577,0,0.014,0.014,0.324,0.002,0.014,0.631,38.83891,44.871
"Aurora, Joint District No. 28",Aurora,0,0,0,745,36.5,20.3,0.552,0.211,0.011,0.042,0.345,0.001,0.05,0.341,38.32473,38.5929
Fremont Re-3,Cotopaxi,1,0,0,116,10.4,11,0.621,0,0.034,0,0.103,0,0.034,0.828,38.26471,44.486
Weld County School District No. Re-7,Kersey,1,0,0,279,19.1,14.5,0.423,0,0.004,0,0.326,0,0.004,0.667,37.97982,36.2613
Roaring Fork School District No. Re-1,Glenwood Springs,0,0,0,572,34.3,16.6,0.399,0.005,0.002,0.007,0.467,0.002,0.024,0.493,37.70355,42.3486
Dolores School District No. Re-4a,Dolores,0,0,0,178,11.7,15.1,0.404,0.006,0.039,0,0.096,0,0.022,0.837,37.29109,54.7005
School District No. Re-2 Brush,Brush,0,0,0,374,22.9,16.3,0.564,0,0,0.005,0.492,0,0.013,0.489,37.13027,28.691
Deer Trail School District No. 26j,Deer Trail,0,0,0,79,10,7.8,0.392,0,0,0,0.101,0,0.013,0.886,37.0405,37.41067
Granada School District No. Re-1,Granada,0,0,0,100,8.6,11.6,0.61,0,0,0,0.68,0,0,0.32,36.979,47.40971
"Aurora, Joint District No. 28",Denver,0,1,0,527,41.3,12.7,0.609,0.142,0.002,0.013,0.548,0,0.032,0.262,36.86255,36.0433
"Aurora, Joint District No. 28",Aurora,0,1,0,539,32.2,16.7,0.481,0.262,0.007,0.03,0.282,0,0.067,0.353,36.81636,51.8424
Strasburg School District 31j,Strasburg,0,0,0,243,13.8,17.5,0.259,0.012,0.008,0.012,0.095,0,0.004,0.868,36.75,50.1106
"Colorado Springs, School District No. 11",Colorado Springs,0,0,0,464,26.3,17.6,0.733,0.045,0.022,0.028,0.289,0.002,0.091,0.524,36.59909,34.02
School District No. Re-20 Weldon Valley,Weldona,1,0,0,39,2.9,13,0.385,0,0,0,0.154,0,0,0.846,36.58275,67.58367
Jefferson County School District No. R-1,Golden,0,0,0,319,15.8,20.1,0.154,0.016,0.019,0.003,0.169,0,0.034,0.759,36.48588,19.55375
"Pueblo, School District No. 60",Pueblo,1,1,0,1115,76.3,14.5,0.744,0.013,0.007,0.007,0.849,0.003,0.007,0.113,36.05282,28.4888
State Charter School Institute,Aurora,1,1,0,818,37.7,21.6,0.518,0.293,0.004,0.028,0.336,0.002,0.081,0.256,36.01409,18.7058
State Charter School Institute,Colorado Springs,1,1,0,295,17.1,17.2,0.644,0.22,0.007,0.003,0.397,0.007,0.081,0.285,35.93086,18.8036
West Grand School District No. 1,Kremmling,0,0,0,112,7.9,14,0.42,0,0,0,0.286,0.009,0.018,0.688,35.50373,31.2216
Cripple Creek-Victor School District No. Re-1,Cripple Creek,0,0,0,168,13.2,12.6,0.643,0.036,0.024,0,0.101,0.018,0,0.821,35.37263,14.26871
Fremont Re-1,Canon City,1,0,0,732,44.9,16.2,0.637,0.001,0.008,0.004,0.143,0.004,0.027,0.811,35.28809,41.0988
Adams 12 Five Star Schools,Thornton,0,0,0,995,49.2,20.2,0.414,0.021,0.006,0.065,0.334,0,0.006,0.568,34.86155,31.972
"Colorado Springs, School District No. 11",Colorado Springs,0,0,0,660,36.4,18.1,0.673,0.092,0.008,0.011,0.335,0.002,0.074,0.479,34.69682,42.4559
School District No. 1,Denver,1,0,0,463,25.3,18.2,0.739,0.017,0.015,0.009,0.706,0,0.03,0.222,34.69318,28.1073
Thompson School District R-2j,Loveland,0,0,0,659,35.3,18.6,0.49,0.015,0.006,0.012,0.285,0.002,0.027,0.653,34.20691,33.1003
Julesburg School District No. Re1,Julesburg,0,0,0,683,20.2,33.7,0.498,0.02,0.013,0.007,0.242,0,0,0.717,33.975,29.50214
Roaring Fork School District No. Re-1,Carbondale,0,0,0,350,29.5,11.8,0.571,0,0.014,0.009,0.649,0,0.014,0.314,33.87718,16.3264
School District No. 1,Denver,1,1,0,371,26.1,14.1,0.946,0,0.005,0.008,0.968,0,0,0.019,33.83291,42.5547
Weld County School District No. Re-9,Ault,0,0,0,184,14.1,13,0.533,0.005,0.005,0,0.424,0.005,0.027,0.533,33.74264,47.2997
Jefferson County School District No. R-1,Golden,0,1,0,374,20.6,18.1,0.008,0.005,0,0.008,0.12,0,0.08,0.786,33.60518,38.06514
School District 27j,Henderson,0,0,0,821,40,20.5,0.449,0.016,0.01,0.037,0.431,0.001,0.026,0.48,33.39982,28.2546
Mesa County Valley School District No. 51,Grand Junction,0,0,0,622,41,15.1,0.539,0.01,0.005,0.006,0.251,0,0.035,0.693,33.23755,30.21
Pueblo County School District 70,Pueblo West,0,0,0,494,31,15.9,0.494,0.018,0.006,0.008,0.366,0.004,0.034,0.563,33.14118,27.6927
Crowley County School District No. Re-1-J,Ordway,1,0,0,107,6.6,16.1,0.71,0.009,0.028,0.009,0.308,0,0.009,0.636,33.08464,29.3634
School District No. 1,Denver,0,0,0,510,38.7,13.1,0.59,0.216,0.01,0.039,0.267,0.006,0.065,0.398,32.85509,25.626
West End School District No. Re-2,Naturita,1,0,0,157,13.1,11.9,0.554,0.013,0,0,0.051,0,0,0.936,32.82686,44.25529
School District No. Re-3 Fort Morgan,Fort Morgan,0,0,0,461,32.6,14.1,0.707,0.033,0.004,0.002,0.646,0.002,0.007,0.306,32.81025,42.088
Jefferson County School District No. R-1,Lakewood,0,0,0,309,24.6,12.5,0.392,0.013,0.01,0.013,0.11,0,0.032,0.822,32.77963,39.97043
"Pueblo, School District No. 60",Pueblo,1,0,0,735,37.3,19.6,0.707,0.008,0.001,0.008,0.722,0,0.008,0.252,32.74627,38.0307
Eagle County School District No. Re 50,Edwards,1,0,0,354,24.5,14.4,0.638,0.003,0.008,0.003,0.763,0.003,0.008,0.212,32.62664,24.5666
Weld County Reorganized School District No. Re-3,Keenesburg,1,0,0,450,26.6,16.8,0.609,0.011,0.004,0.004,0.398,0,0.031,0.551,32.32518,35.8789
Jefferson County School District No. R-1,Arvada,0,1,0,584,23,25.3,0.17,0.007,0.007,0.019,0.077,0,0.029,0.861,31.92725,38.107
Miami-Yoder Joint District No. 60,Rush,1,0,0,77,4.7,16.3,0.636,0.013,0.013,0,0.169,0,0.052,0.753,31.90273,19.7463
Lamar School District No. Re-2,Lamar,1,0,0,353,21.5,16.3,0.705,0,0.02,0.003,0.575,0,0.003,0.399,31.25964,34.0053
Fremont Re-1,Canon City,0,0,0,386,22,17.5,0.604,0,0.01,0.008,0.14,0,0.034,0.808,31.094,47.2341
Adams 12 Five Star Schools,Northglenn,0,0,0,1089,56.8,19.1,0.531,0.026,0.013,0.054,0.399,0,0.017,0.491,30.94836,37.7976
"Cherry Creek, School District No. 5",Aurora,0,0,0,1007,56.1,17.9,0.481,0.189,0.01,0.044,0.265,0.003,0.073,0.416,30.90909,38.5597
Burlington Public School District No. Re-6j,Burlington,1,0,0,208,14.3,14.4,0.534,0,0.005,0.01,0.399,0,0,0.587,30.86291,41.5109
"Colorado Springs, School District No. 11",Colorado Springs,0,0,0,859,53.5,16,0.668,0.088,0.002,0.021,0.321,0.001,0.084,0.482,30.84836,36.6499
Poudre School District R-1,Fort Collins,0,0,0,488,35.5,13.7,0.695,0.008,0.01,0.01,0.514,0,0.02,0.436,30.27927,19.6437
Holly School District No. Re-3,Holly,1,0,0,52,3.8,13.3,0.673,0,0.038,0,0.423,0,0.019,0.519,29.5135,36.39214
Yuma 1 School District,Yuma,1,0,0,225,24.5,9.1,0.693,0,0,0,0.551,0,0.004,0.444,29.10836,33.2184
School District 27j,Commerce City,0,0,0,621,26.9,23,0.396,0.04,0,0.031,0.415,0.002,0.035,0.477,29.04582,23.6893
"Colorado Springs, School District No. 11",Colorado Springs,0,0,0,272,19.6,13.8,0.761,0.018,0.022,0.026,0.316,0,0.077,0.54,28.91918,30.8111
"Douglas County School District, No. Re 1",Castle Rock,0,0,0,261,9.9,26.3,0.011,0.015,0.015,0.004,0.107,0,0.05,0.808,27.98467,48.955
"Harrison, School District No. 2",Colorado Springs,1,0,1,415,26,15.9,0.827,0.222,0.01,0.019,0.477,0.007,0.048,0.217,27.83473,31.2035
Fremont Re-2,Florence,1,0,0,349,21.7,16,0.573,0.011,0.003,0.003,0.192,0,0.037,0.754,27.80282,29.2839
"Ellicott, School District No. 22",Calhan,0,0,0,198,12.3,15.9,0.702,0.02,0.005,0.005,0.288,0.005,0.051,0.626,27.76882,20.8108
Weld County Reorganized School District No. Re-1,La Salle,0,0,0,256,17.8,14.3,0.574,0,0.016,0.004,0.59,0,0.016,0.375,27.62073,26.5073
Las Animas School District No. Re-1,Las Animas,1,0,0,62,3.1,19.7,0.823,0,0,0,0.532,0,0,0.468,27.53875,36.59886
"Plateau Valley, School District No. 50",Collbran,0,0,0,92,7.2,12.7,0.283,0,0,0,0.12,0,0.011,0.87,27.06682,39.4629
"Mapleton, School District No. 1",Thornton,1,0,1,748,44,17,0.69,0.012,0.005,0.024,0.754,0.001,0.023,0.18,27.0298,27.3327
"Cherry Creek, School District No. 5",Aurora,0,0,0,1705,100.4,16.9,0.669,0.284,0.008,0.056,0.355,0.004,0.05,0.243,26.95909,28.7083
Wray Rd-2 School District,Wray,1,0,0,197,11,17.7,0.624,0.015,0,0.005,0.264,0,0.025,0.69,26.51845,36.6492
State Charter School Institute,Federal Heights,1,1,0,537,23.7,22.6,0.585,0.009,0.002,0.05,0.706,0,0.011,0.222,26.27055,27.6642
Pueblo County School District 70,Pueblo,0,0,0,280,16,17.5,0.725,0.007,0.004,0.004,0.429,0.004,0.011,0.543,26.14655,26.5827
Adams 12 Five Star Schools,Northglenn,0,1,0,2672,71.2,37.5,0.167,0.044,0.015,0.013,0.26,0.003,0,0.665,26.10436,20.1119
Byers School District No. 32j,Byers,0,0,0,238,12.6,18.7,0.408,0.017,0,0,0.105,0.008,0.046,0.824,25.9965,39.73043
Weld County Reorganized School District No. Re-1,Platteville,0,0,0,189,13.3,14.1,0.608,0.011,0.005,0,0.519,0.005,0,0.46,25.84027,29.1067
"Aurora, Joint District No. 28",Aurora,0,0,0,570,30.2,18.8,0.709,0.146,0.011,0.028,0.604,0.002,0.058,0.153,25.67536,30.2709
Garfield School District No. Re-2,Rifle,0,0,0,774,47,16.4,0.623,0.001,0.004,0.003,0.469,0,0.019,0.504,25.49409,25.1523
School District No. 1,Denver,1,1,0,362,27.2,13.2,0.964,0.003,0.008,0.006,0.975,0.003,0,0.006,25.20055,37.3657
Montezuma-Cortez School District No. Re-1,Cortez,0,0,0,594,39.2,15.1,0.603,0.003,0.242,0.007,0.18,0.01,0.034,0.524,25.01645,22.913
South Conejos School District No. Re10,Antonito,1,0,0,45,4.3,10.2,0.711,0,0.044,0,0.889,0,0,0.067,24.92167,21.293
"Colorado Springs, School District No. 11",Colorado Springs,0,0,0,230,12,19.1,0.517,0.061,0.017,0.009,0.257,0.004,0.035,0.617,24.7105,22.71157
Jefferson County School District No. R-1,Wheat Ridge,0,0,0,429,27.4,15.6,0.66,0.016,0.016,0.014,0.431,0.005,0.033,0.485,24.11175,21.771
Mesa County Valley School District No. 51,Clifton,0,0,0,568,41.2,13.7,0.637,0.005,0.005,0.002,0.269,0,0.026,0.692,24.07536,18.4628
St. Vrain Valley School District No. Re1j,Longmont,0,0,0,432,28.7,15,0.838,0.019,0.005,0.009,0.667,0,0.009,0.292,23.97255,30.2965
"Hanover, School District No. 28",Colorado Springs,1,0,0,121,10.5,11.4,0.595,0.008,0.017,0.008,0.298,0,0.041,0.628,23.41409,19.7545
"Grand Valley, School District No. 16",Parachute,0,0,0,228,17.1,13.2,0.518,0.009,0.044,0,0.325,0,0.022,0.601,23.40755,25.8649
"Trinidad, School District 1",Trinidad,0,0,0,266,12.4,21.3,0.744,0.004,0.011,0.015,0.812,0,0.004,0.154,23.23764,23.9889
Jefferson County School District No. R-1,Arvada,1,0,0,602,43.3,13.8,0.827,0.028,0.015,0.023,0.49,0.008,0.032,0.404,23.21291,18.222
School District No. 1,Denver,1,1,0,320,27.5,11.6,0.9,0.022,0.009,0.009,0.928,0,0,0.031,23.17518,39.8156
"Aurora, Joint District No. 28",Aurora,0,1,0,790,44.1,17.9,0.6,0.301,0.01,0.029,0.449,0.001,0.01,0.199,23.07145,34.1784
Huerfano School District Re-1,Walsenburg,1,0,0,311,25.1,12.3,0.826,0.019,0.042,0.006,0.659,0,0,0.273,22.97691,24.9419
Norwood School District No. R-2j,Norwood,0,0,0,130,12.1,10.6,0.469,0.008,0.038,0.015,0,0,0.015,0.923,22.63175,52.1843
School District No. 1,Denver,1,0,0,523,33,15.8,0.736,0.153,0.006,0.094,0.384,0.006,0.027,0.331,22.436,15.7145
"Colorado Springs, School District No. 11",Colorado Springs,1,1,0,394,36.3,10.8,0.784,0.183,0.003,0.003,0.454,0,0.066,0.292,22.01718,29.81417
Moffat County School District Re: No. 1,Craig,0,0,0,505,31.4,16,0.469,0.006,0.014,0.002,0.22,0,0.014,0.745,21.88645,23.3319
School District No. 1,Denver,1,1,0,473,30.4,15.5,0.882,0.017,0.008,0,0.915,0.004,0,0.055,21.84836,14.9587
Weld County Reorganized School District No. Re-8,Fort Lupton,0,0,0,486,31.9,15.1,0.702,0.002,0.002,0.004,0.73,0,0.008,0.253,21.81718,26.6359
East Otero School District No. R1,La Junta,0,0,0,549,31.1,17.6,0.641,0.002,0.004,0.002,0.61,0,0.022,0.361,20.877,17.23371
School District 27j,Brighton,0,0,0,572,30.3,18.8,0.652,0.016,0.01,0.003,0.642,0,0.024,0.304,20.80836,18.944
School District No. 1,Denver,1,0,0,787,51.2,15.3,0.867,0.024,0.006,0.076,0.766,0.004,0.015,0.108,20.34755,16.8266
School District 27j,Brighton,0,0,0,650,33.5,19.3,0.56,0.008,0.008,0.009,0.577,0,0.018,0.38,20.27191,31.7874
Center Consolidated School District No. 26 Jt.,Center,1,0,0,127,8.9,14.1,0.913,0,0.016,0,0.937,0,0.008,0.039,20.122,16.1616
"Aurora, Joint District No. 28",Aurora,0,1,0,482,23.5,20.4,0.55,0.266,0.008,0.017,0.376,0.002,0.05,0.282,20.06709,21.4984
"Aurora, Joint District No. 28",Aurora,0,1,0,1088,70.7,15.3,0.574,0.178,0,0.046,0.526,0.002,0.07,0.178,19.64273,17.204
School District No. 1,Denver,1,0,0,444,27.2,16.3,0.883,0.041,0.007,0.043,0.773,0,0.023,0.115,19.41027,15.1371
State Charter School Institute,Arvada,0,1,0,279,15.5,17.9,0.448,0.029,0.007,0.032,0.427,0,0.018,0.487,19.16745,20.8841
"Colorado Springs, School District No. 11",Colorado Springs,1,0,1,503,32.7,15.3,0.829,0.109,0.008,0.014,0.372,0.002,0.07,0.425,18.42555,14.2387
"Harrison, School District No. 2",Colorado Springs,0,0,0,493,30.9,15.9,0.783,0.227,0.03,0.045,0.46,0.002,0.043,0.193,17.99718,35.0476
Monte Vista School District No. C-8,Monte Vista,0,0,0,230,17.1,13.4,0.774,0.004,0.017,0,0.783,0,0.009,0.187,17.57418,24.0563
"Greeley,school District No. 6",Greeley,0,0,0,654,37.2,17.5,0.8,0.008,0.003,0.011,0.739,0,0.011,0.229,16.261,17.4634
School District No. 1,Denver,1,0,0,916,50.2,18.2,0.735,0.362,0.012,0.057,0.441,0.002,0.044,0.082,16.19082,22.9954
School District No. 1,Denver,1,0,0,441,23.2,18.9,0.884,0,0.005,0.002,0.959,0,0.009,0.025,15.93418,16.3836
"Harrison, School District No. 2",Colorado Springs,1,1,0,677,33.2,20.3,0.885,0.213,0.007,0.009,0.554,0.007,0.052,0.158,15.84518,16.309
"Englewood, School District No. 1",Englewood,0,0,0,264,24.8,10.6,0.689,0.053,0.015,0.008,0.409,0,0.049,0.466,15.82463,10.33057
Dolores County School District Re-2j,Dove Creek,0,0,0,128,9.2,13.8,0.445,0,0.031,0,0.016,0,0.023,0.93,15.43075,2.57467
Rocky Ford School District No. R2,Rocky Ford,1,0,0,331,27.2,12.1,0.758,0.006,0.006,0.009,0.722,0,0,0.257,15.0525,11.18329
"Greeley,school District No. 6",Greeley,1,0,0,722,44,16.4,0.921,0.035,0.004,0,0.888,0,0.01,0.064,14.81186,15.934
School District No. 1,Denver,1,0,0,939,53.2,17.6,0.835,0.029,0.007,0.032,0.778,0,0.027,0.127,14.69027,15.8406
Sheridan School District No. 2,Englewood,1,0,0,313,22.2,14,0.904,0.045,0.013,0.032,0.77,0,0.01,0.131,14.56882,9.5711
School District No. 1,Denver,1,0,0,318,19.7,16.1,0.931,0.44,0.009,0.009,0.406,0.003,0.047,0.085,14.56129,21.35617
School District No. 1,Denver,1,0,0,666,38.2,17.4,0.952,0.096,0.003,0.024,0.857,0.002,0.009,0.009,14.47327,12.8912
Montrose County School District Re-1j,Olathe,0,0,0,253,16.2,15.6,0.704,0,0,0.004,0.522,0,0.028,0.447,14.469,23.2415
"Mapleton, School District No. 1",Thornton,1,0,1,514,29,17.6,0.691,0.018,0.01,0.025,0.743,0,0.021,0.183,13.67736,12.5909
"Aurora, Joint District No. 28",Aurora,0,0,0,1132,62.1,18.2,0.455,0.072,0.008,0.02,0.441,0.005,0.067,0.386,13.40245,16.5135
School District N. 14,Commerce City,1,0,0,774,45,17.2,0.885,0.018,0.006,0.003,0.84,0,0.009,0.124,13.32136,13.5211
"Greeley,school District No. 6",Greeley,0,0,0,573,31.6,18.1,0.801,0.024,0.002,0.003,0.703,0.002,0.012,0.253,12.88327,10.1112
Adams 12 Five Star Schools,Northglenn,0,0,0,806,44.7,18,0.78,0.037,0.011,0.036,0.537,0.001,0.011,0.366,12.85882,15.4711
School District No. 1,Denver,1,1,0,501,35.3,14.1,0.95,0.054,0.004,0,0.936,0,0.002,0.004,12.84082,13.1798
Ignacio School District No. 11jt,Ignacio,0,0,0,176,14.6,11.9,0.477,0.006,0.239,0,0.347,0,0.068,0.341,12.71736,14.93943
School District No. 1,Denver,1,1,0,333,27.4,12.1,0.943,0.036,0.021,0.003,0.91,0,0.015,0.015,12.52755,21.2233
Lake County School District No. R-1,Leadville,1,0,0,294,20.5,14.3,0.769,0,0.007,0,0.718,0,0.02,0.255,12.26573,8.0587
School District No. 1,Denver,1,0,0,464,31.7,14.6,0.709,0.019,0.026,0.004,0.711,0.002,0.009,0.228,12.138,7.148
"Pueblo, School District No. 60",Pueblo,1,0,0,352,27.9,12.6,0.824,0.017,0.006,0.006,0.739,0,0.017,0.216,12.06,14.21471
"Aurora, Joint District No. 28",Aurora,0,0,0,930,50.3,18.4,0.768,0.271,0.009,0.038,0.513,0.006,0.04,0.124,11.94827,10.6355
"Mapleton, School District No. 1",Thornton,1,0,1,520,32.2,16.1,0.79,0.006,0,0.029,0.738,0.002,0.015,0.21,11.94545,10.7194
School District N. 14,Commerce City,1,0,0,783,40,19.5,0.879,0.032,0.009,0.001,0.848,0,0.004,0.106,11.83227,12.7689
"Colorado Springs, School District No. 11",Colorado Springs,1,0,0,512,33.6,15.2,0.873,0.152,0.027,0.018,0.506,0.012,0.031,0.254,11.72718,8.5583
School District No. 1,Denver,1,0,0,135,12.5,10.8,0.852,0.496,0.022,0,0.341,0.022,0.015,0.104,11.727,7.4733
Jefferson County School District No. R-1,Lakewood,1,0,0,498,35.4,14,0.855,0.018,0.004,0.036,0.767,0,0.024,0.151,11.22775,10.14014
"Westminster, School District No. 50",Westminster,0,0,0,615,32.4,18.9,0.766,0.01,0.01,0.055,0.628,0,0.02,0.278,11.21791,10.8963
"Westminster, School District No. 50",Denver,1,0,0,772,45,17.1,0.891,0.005,0.006,0.062,0.786,0,0.018,0.122,10.54591,5.4584
"Pueblo, School District No. 60",Pueblo,1,0,0,310,20,15.4,0.774,0.016,0.01,0.006,0.626,0.003,0.032,0.306,10.34945,5.8747
School District No. 1,Denver,1,0,0,484,27.2,17.7,0.746,0.236,0.008,0.019,0.349,0,0.056,0.333,10.03055,24.9598
"Aurora, Joint District No. 28",Aurora,0,0,0,909,44.5,20.4,0.717,0.254,0.011,0.04,0.466,0,0.045,0.184,9.85755,13.0619
Centennial School District No. R-1,San Luis,1,0,0,54,6.3,8.4,0.833,0.019,0,0,0.889,0,0,0.093,9.13714,1.91733
"Pueblo, School District No. 60",Pueblo,1,0,0,369,34.2,10.7,0.973,0.014,0.003,0.003,0.864,0,0.005,0.111,8.90864,4.9922
"Mapleton, School District No. 1",Thornton,1,0,1,484,26.8,18,0.771,0.017,0.01,0.023,0.682,0.002,0.041,0.225,8.83691,8.809
School District No. 1,Denver,1,1,0,588,36.5,16,0.959,0.206,0.009,0,0.759,0,0.012,0.015,8.53373,9.6231
"Aurora, Joint District No. 28",Aurora,1,0,0,879,41.3,21.2,0.829,0.154,0.011,0.013,0.729,0.006,0.024,0.064,8.446,14.6566
"Mapleton, School District No. 1",Thornton,0,0,0,616,31.1,19.7,0.622,0.026,0.016,0.002,0.659,0.003,0.023,0.271,8.10113,12.24471
"Greeley,school District No. 6",Greeley,0,0,0,784,41.2,19,0.843,0.013,0,0.008,0.811,0.001,0.011,0.156,8.06018,5.1232
School District No. 1,Denver,1,0,0,1054,67,15.7,0.961,0.287,0.002,0.277,0.322,0.01,0.023,0.079,7.94873,6.5635
School District No. 1,Denver,1,0,0,1152,67.5,17,0.885,0.241,0.002,0.03,0.662,0.004,0.023,0.037,7.79173,6.5726
School District No. 1,Denver,1,0,1,829,56.3,14.7,0.935,0.144,0.001,0.004,0.818,0.001,0.021,0.012,7.77218,6.5523
"Aurora, Joint District No. 28",Aurora,1,0,0,1045,58.8,17.7,0.85,0.16,0.003,0.046,0.69,0.006,0.019,0.077,7.39882,5.8744
"Greeley,school District No. 6",Greeley,1,0,0,625,37.8,16.5,0.901,0.053,0,0.072,0.733,0,0.013,0.13,7.03427,6.5128
"Mapleton, School District No. 1",Denver,1,0,0,600,33,18.1,0.845,0.018,0.005,0.008,0.873,0,0.008,0.087,6.59136,3.1231
School District No. 1,Denver,1,0,0,386,23.7,16.2,0.961,0.062,0.018,0.021,0.839,0.003,0.005,0.052,6.57391,6.573
Adams 12 Five Star Schools,Thornton,1,0,0,849,52,16.3,0.826,0.027,0.012,0.025,0.743,0.001,0.005,0.187,6.35827,2.8577
"Aurora, Joint District No. 28",Aurora,1,0,0,743,43,17.2,0.872,0.21,0.007,0.022,0.682,0.001,0.026,0.052,6.19964,5.4063
"Pueblo, School District No. 60",Pueblo,1,0,0,452,32.7,13.7,0.909,0.038,0.007,0,0.796,0,0.015,0.144,6.16327,4.3184
School District No. 1,Denver,1,0,0,870,63.9,13.5,0.977,0.106,0.005,0.003,0.854,0,0.015,0.017,6.05445,3.0516
"Westminster, School District No. 50",Denver,1,0,0,594,29.5,20.1,0.88,0.012,0.003,0.042,0.843,0.002,0.015,0.082,5.623,3.5607
School District No. 1,Denver,1,0,0,519,38,13.6,0.95,0.118,0.031,0,0.802,0,0.017,0.033,5.56109,1.7951
"Falcon, School District No. 49",Falcon,1,0,0,249,12.3,20.1,0.341,0.076,0.004,0.024,0.177,0.004,0.068,0.647,5.0975,7.10229
"Pueblo, School District No. 60",Pueblo,1,0,0,539,34.3,15.7,0.805,0.03,0.007,0.004,0.729,0,0.007,0.223,4.59527,4.9858
State Charter School Institute,Colorado Springs,1,1,0,244,16.4,14.8,0.877,0.086,0,0.008,0.684,0,0.016,0.205,4.435,2.786
"Mapleton, School District No. 1",Denver,1,0,1,471,24.5,19.2,0.8,0.019,0.011,0.006,0.824,0,0.015,0.125,4.28918,7.9567
School District No. 1,Denver,1,0,0,796,50.5,15.7,0.985,0.029,0.004,0.02,0.916,0,0.004,0.028,4.14527,2.5255
"Aurora, Joint District No. 28",Aurora,1,0,0,1241,60.8,20.4,0.901,0.093,0.005,0.091,0.738,0.002,0.018,0.054,3.78227,3.9674
"Aurora, Joint District No. 28",Aurora,1,0,0,474,28.7,16.4,0.842,0.133,0.006,0.154,0.654,0.002,0.019,0.032,3.767,3.3771
Adams 12 Five Star Schools,Northglenn,0,0,0,302,26.9,11.2,0.483,0.04,0.017,0.003,0.49,0.003,0.023,0.424,3.15763,0.63629
"Colorado Springs, School District No. 11",Colorado Springs,1,0,0,198,20,9.9,0.763,0.106,0,0.01,0.48,0,0.056,0.348,2.46425,1.9755
School District No. 1,Denver,1,0,0,154,21.2,7.2,0.799,0.266,0.006,0,0.623,0.013,0.013,0.078,1.82,1.05225
Jefferson County School District No. R-1,Golden,0,0,0,41,10,4.1,0.683,0,0.024,0,0.512,0,0,0.463,1.7555,0.64571
